fuente;tabla;archivo_datos;orden_columna;columna;variable_original;representa;unidad_o_codificacion;origen;limitantes_metadato;notas_metadato;observacion_paa;fuente_definicion;estado_definicion
SNIG;DatosGenerales;data/processed/SNIG/DatosGenerales.csv;1;ID;ID;"Identificador técnico de la fila generado por el ETL; no identifica por sí solo un establecimiento.";Identificador;ETL del proyecto de ingeniería;;;;scripts/etl_snig_datos.py;"Derivada; documentada en código"
SNIG;DatosGenerales;data/processed/SNIG/DatosGenerales.csv;2;Anio;Ejercicio;Ejercicio ganadera al que corresponde la declaración;Ejercicio ganadero;Declaración Jurada Formulario A1;No hay;;"Ejercicio ganadero, renombrado Anio por el ETL; no asumir año calendario climático.";data/raw/SNIG/2025/metadatos/Metadatos/datosgenerales.csv | scripts/etl_snig_datos.py (renombre);Documentada en metadatos
SNIG;DatosGenerales;data/processed/SNIG/DatosGenerales.csv;3;DepartamentoCodigo;DepartamentoCodigo;Departamento en el que se encuentra registrado el tenedor;"Código; no es una magnitud continua";Registro de Tenedores de ganado;Pueden aparecen en algunos casos inconsistencias con el departamento del área de enumeración en la que está clasificado el establecimiento;;;data/raw/SNIG/2025/metadatos/Metadatos/datosgenerales.csv;Documentada en metadatos
SNIG;DatosGenerales;data/processed/SNIG/DatosGenerales.csv;4;SeccionalPolicialCodigo;SeccionalPolicialCodigo;Seccional policial en la cual se encuentra registrado el tenedor;"Código; no es una magnitud continua";Registro de Tenedores de ganado;;;;data/raw/SNIG/2025/metadatos/Metadatos/datosgenerales.csv;Documentada en metadatos
SNIG;DatosGenerales;data/processed/SNIG/DatosGenerales.csv;5;AreaSupervision;AreaSupervision;Área de Supervisión en la que se encuentra el establecimiento en función de los padrones declarados. Cuando pertenece a varias se considera la de mayor área;"Código; no es una magnitud continua";Ver área de enumeración;Ver área de enumeración;Ver área de enumeración;;data/raw/SNIG/2025/metadatos/Metadatos/datosgenerales.csv;Documentada en metadatos
SNIG;DatosGenerales;data/processed/SNIG/DatosGenerales.csv;6;AreaEnumeracion;AreaEnumeracion;Área de enumeración en la que se encuentra el establecimiento en función de los padrones declarados. Cuando pertenece a varias se considera la de mayor área;"Código; no es una magnitud continua";Calculado a partir de la Declaración Jurada formulario A1, el mapa de áreas de enumeración de DIEA y el catastro rural de la DGCN;No todos los productores declaran padrones, no todos los padrones están en el catastro rural. En algunos casos los padrones declarados se encuentran según el catastro rural en seccionales o departamentos diferentes al que se encuentra registrado el tenedor.;"En el mapa de tenedores con campo se incluye un contador ""sin AAEE"" indicando los establecimientos que no pudieron ser clasificados";"El código 0 se conserva y no se cuenta como faltante; no se presupone que sea un agregado.";data/raw/SNIG/2025/metadatos/Metadatos/datosgenerales.csv;Documentada en metadatos
SNIG;DatosGenerales;data/processed/SNIG/DatosGenerales.csv;7;ActividadCodigo;ActividadCodigo;La actividad se extrae del tercer y cuarto dígito del número de Dicose del declarante en función de los criterios establecidos en el momento de su asignación.;"Código; no es una magnitud continua";Declaración Jurada;Se han detectado algunos casos puntuales de inconsistencias entre la actividad y el giro declarado.;Cuenta con una tabla de códigos “Actividades”;;data/raw/SNIG/2025/metadatos/Metadatos/datosgenerales.csv;Documentada en metadatos
SNIG;DatosGenerales;data/processed/SNIG/DatosGenerales.csv;8;GiroCodigo;GiroCodigo;Giro principal declarado. Se utiliza para discriminar las diferentes clases de Tenedores sin Campo;"Código; no es una magnitud continua";Declaración Jurada Formulario A1;Se han detectado algunos casos puntuales de inconsistencias entre la actividad y el giro declarado;Cuenta con una tabla de códigos “Giros”;;data/raw/SNIG/2025/metadatos/Metadatos/datosgenerales.csv;Documentada en metadatos
SNIG;DatosGenerales;data/processed/SNIG/DatosGenerales.csv;9;NaturalezaJuridicaCodigo;NaturalezaJuridicaCodigo;Naturaleza jurídica con la que se encuentra registrada la empresa titular del Dicose en el registro de tenedores de ganado;"Código; no es una magnitud continua";Registro de tenedores de ganado;Hay casos aislados sin actualizar;Cuenta con una tabla de códigos “Naturalezas Jurídicas”;;data/raw/SNIG/2025/metadatos/Metadatos/datosgenerales.csv;Documentada en metadatos
SNIG;DatosGenerales;data/processed/SNIG/DatosGenerales.csv;10;EstratoCodigo;EstratoCodigo;Estrato de superficie al que pertenece el establecimiento según la superficie declarada. Los datos de lechería consideran animales PD y PF por lo que se incluye el estrato 0) que permite visualizar productores lecheros sin campo.;"Código; no es una magnitud continua";Calculado SNIG a partir de Declaración Jurada Formulario A1;No todos los productores declaran la superficie utilizada, por lo que puede haber animales en establecimientos de estrato 0;Cuenta con una tabla de códigos “Estratos”;;data/raw/SNIG/2025/metadatos/Metadatos/datosgenerales.csv;Documentada en metadatos
SNIG;DatosGenerales;data/processed/SNIG/DatosGenerales.csv;11;Superficie;Superficie;Superficie total declarada.Se calcula como la suma de las hectáreas según tenencia salvo cuando esta es cero, que se utiliza la suma de los usos;Hectáreas (SuperficieGanadera remite a Superficie);Declaración Jurada Formulario A1;Puede haber diferencias en algunos casos entre la superficie total y el desglose de superficies por tenencia y uso del suelo;;;data/raw/SNIG/2025/metadatos/Metadatos/datosgenerales.csv;Documentada en metadatos
SNIG;DatosGenerales;data/processed/SNIG/DatosGenerales.csv;12;UnidadesGanaderas;UnidadesGanaderas;Unidades ganaderas totales del establecimiento incluyendo bovinos de carne y leche, ovinos y equinos.;Unidades ganaderas;Calculado SNIG a partir de Declaración Jurada Formulario A1, A3 y A5 y factores de conversión establecidos por DIEA;Hay casos aislados de establecimientos que declaran animales y no declaran superficie;Los valores utilizados para la conversión se encuentran en la tabla “Categorías”;;data/raw/SNIG/2025/metadatos/Metadatos/datosgenerales.csv;Documentada en metadatos
SNIG;DatosGenerales;data/processed/SNIG/DatosGenerales.csv;13;SuperficieGanadera;SuperficieGanadera;Superficie total, excluyendo tierras de labranza, huertas, frutales y viñedos, y el 70% de montes artificiales;Hectáreas (SuperficieGanadera remite a Superficie);Calculado SNIG a partir de Declaración Jurada Formulario A1;Ver superficie total;;;data/raw/SNIG/2025/metadatos/Metadatos/datosgenerales.csv;Documentada en metadatos
SNIG;DatosGenerales;data/processed/SNIG/DatosGenerales.csv;14;CantidadTenedores;CantidadTenedores;Cantidad de números de Dicose que emitieron una Declaración Jurada;Cantidad de tenedores/productores según definición;Declaración Jurada;No hay;Incluye declarantes de todas las actividades;;data/raw/SNIG/2025/metadatos/Metadatos/datosgenerales.csv;Documentada en metadatos
SNIG;DatosGenerales;data/processed/SNIG/DatosGenerales.csv;15;EspecializacionMGAPCodigo;EspecializacionMGAPCodigo;En función del giro y el uso del suelo se establece si se trata de un Productor lechero, Agricola ganadero o Ganadero;"Código; no es una magnitud continua";Decalración Jurada;;Los criterios son establecidos por la DIEA;;data/raw/SNIG/2025/metadatos/Metadatos/datosgenerales.csv;Documentada en metadatos
SNIG;DatosGenerales;data/processed/SNIG/DatosGenerales.csv;16;TipoProduccionMGAPCodigo;TipoProduccionMGAPCodigo;En función de la cantidad de animales por categoria se establece si se trata de un productor Ciclo completo, Invernador. Criador, Recriador, etc.;"Código; no es una magnitud continua";Decalración Jurada;;Los criterios son establecidos por la DIEA;;data/raw/SNIG/2025/metadatos/Metadatos/datosgenerales.csv;Documentada en metadatos
SNIG;DatosAnimales;data/processed/SNIG/DatosAnimales.csv;1;ID;ID;"Identificador técnico de la fila generado por el ETL; no identifica por sí solo un establecimiento.";Identificador;ETL del proyecto de ingeniería;;;;scripts/etl_snig_datos.py;"Derivada; documentada en código"
SNIG;DatosAnimales;data/processed/SNIG/DatosAnimales.csv;2;Anio;Ejercicio;Ejercicio ganadera al que corresponde la declaración;Ejercicio ganadero;Declaración Jurada Formulario A1;No hay;;"Ejercicio ganadero, renombrado Anio por el ETL; no asumir año calendario climático.";data/raw/SNIG/2025/metadatos/Metadatos/datosanimales.csv | scripts/etl_snig_datos.py (renombre);Documentada en metadatos
SNIG;DatosAnimales;data/processed/SNIG/DatosAnimales.csv;3;DepartamentoCodigo;DepartamentoCodigo;Departamento en el que se encuentra registrado el tenedor;"Código; no es una magnitud continua";Registro de Tenedores de ganado;Pueden aparecen en algunos casos inconsistencias con el departamento del área de enumeración en la que está clasificado el establecimiento;;;data/raw/SNIG/2025/metadatos/Metadatos/datosanimales.csv;Documentada en metadatos
SNIG;DatosAnimales;data/processed/SNIG/DatosAnimales.csv;4;SeccionalPolicialCodigo;SeccionalPolicialCodigo;Seccional policial en la cual se encuentra registrado el tenedor;"Código; no es una magnitud continua";Registro de Tenedores de ganado;;;;data/raw/SNIG/2025/metadatos/Metadatos/datosanimales.csv;Documentada en metadatos
SNIG;DatosAnimales;data/processed/SNIG/DatosAnimales.csv;5;AreaSupervision;AreaSupervision;Área de Supervisión en la que se encuentra el establecimiento en función de los padrones declarados. Cuando pertenece a varias se considera la de mayor área;"Código; no es una magnitud continua";Ver área de enumeración;Ver área de enumeración;Ver área de enumeración;;data/raw/SNIG/2025/metadatos/Metadatos/datosanimales.csv;Documentada en metadatos
SNIG;DatosAnimales;data/processed/SNIG/DatosAnimales.csv;6;AreaEnumeracion;AreaEnumeracion;Área de enumeración en la que se encuentra el establecimiento en función de los padrones declarados. Cuando pertenece a varias se considera la de mayor área;"Código; no es una magnitud continua";Calculado a partir de la Declaración Jurada formulario A1, el mapa de áreas de enumeración de DIEA y el catastro rural de la DGCN;No todos los productores declaran padrones, no todos los padrones están en el catastro rural. En algunos casos los padrones declarados se encuentran según el catastro rural en seccionales o departamentos diferentes al que se encuentra registrado el tenedor.;"En el mapa de tenedores con campo se incluye un contador ""sin AAEE"" indicando los establecimientos que no pudieron ser clasificados";"El código 0 se conserva y no se cuenta como faltante; no se presupone que sea un agregado.";data/raw/SNIG/2025/metadatos/Metadatos/datosanimales.csv;Documentada en metadatos
SNIG;DatosAnimales;data/processed/SNIG/DatosAnimales.csv;7;ActividadCodigo;ActividadCodigo;La actividad se extrae del tercer y cuarto dígito del número de Dicose del declarante en función de los criterios establecidos en el momento de su asignación.;"Código; no es una magnitud continua";Declaración Jurada;Se han detectado algunos casos puntuales de inconsistencias entre la actividad y el giro declarado.;Cuenta con una tabla de códigos ?Actividades?;;data/raw/SNIG/2025/metadatos/Metadatos/datosanimales.csv;Documentada en metadatos
SNIG;DatosAnimales;data/processed/SNIG/DatosAnimales.csv;8;GiroCodigo;GiroCodigo;Giro principal declarado. Se utiliza para discriminar las diferentes clases de Tenedores sin Campo;"Código; no es una magnitud continua";Declaración Jurada Formulario A1;Se han detectado algunos casos puntuales de inconsistencias entre la actividad y el giro declarado;Cuenta con una tabla de códigos ?Giros?;;data/raw/SNIG/2025/metadatos/Metadatos/datosanimales.csv;Documentada en metadatos
SNIG;DatosAnimales;data/processed/SNIG/DatosAnimales.csv;9;NaturalezaJuridicaCodigo;NaturalezaJuridicaCodigo;Naturaleza jurídica con la que se encuentra registrada la empresa titular del Dicose en el registro de tenedores de ganado;"Código; no es una magnitud continua";Registro de tenedores de ganado;Hay casos aislados sin actualizar;Cuenta con una tabla de códigos ?Naturalezas Jurídicas?;;data/raw/SNIG/2025/metadatos/Metadatos/datosanimales.csv;Documentada en metadatos
SNIG;DatosAnimales;data/processed/SNIG/DatosAnimales.csv;10;EstratoCodigo;EstratoCodigo;Estrato de superficie al que pertenece el establecimiento según la superficie declarada. Los datos de lechería consideran animales PD y PF por lo que se incluye el estrato 0) que permite visualizar productores lecheros sin campo.;"Código; no es una magnitud continua";Calculado SNIG a partir de Declaración Jurada Formulario A1;No todos los productores declaran la superficie utilizada, por lo que puede haber animales en establecimientos de estrato 0;Cuenta con una tabla de códigos ?Estratos?;;data/raw/SNIG/2025/metadatos/Metadatos/datosanimales.csv;Documentada en metadatos
SNIG;DatosAnimales;data/processed/SNIG/DatosAnimales.csv;11;EspecieCodigo;EspecieCodigo;Especie de los animales;"Código; no es una magnitud continua";Declaración Jurada Formularios A1, A3,A4,A5 y A6;Las existencias de Suinos, Caprinos y Yeguarizos se incluyen a modo de referencia ya que no se han hecho controles de calidad sobre las mismas;Cuenta con una tabla de códigos ?Especies?;;data/raw/SNIG/2025/metadatos/Metadatos/datosanimales.csv;Documentada en metadatos
SNIG;DatosAnimales;data/processed/SNIG/DatosAnimales.csv;12;AnimalesPorEspecieConsumoPD_AD;AnimalesPorEspecieConsumoPD_AD;Cantidad de cabezas declaradas como consumo por especie;Cabezas / animales;Declaración Jurada Formulario A1;No hay;;;data/raw/SNIG/2025/metadatos/Metadatos/datosanimales.csv;Documentada en metadatos
SNIG;DatosAnimales;data/processed/SNIG/DatosAnimales.csv;13;AnimalesPorEspecieNacimientosPD_AD;AnimalesPorEspecieNacimientosPD_AD;Cantidad de nacimientos declarados por especie;Cabezas / animales;Declaración Jurada Formulario A1;No hay;El dato está disponible solo para bovinos;;data/raw/SNIG/2025/metadatos/Metadatos/datosanimales.csv;Documentada en metadatos
SNIG;DatosAnimales;data/processed/SNIG/DatosAnimales.csv;14;AnimalesPorEspecieMortandadPD_AD;AnimalesPorEspecieMortandadPD_AD;Cantidad de cabezas declaradas como Mortandad por especie;Cabezas / animales;Declaración Jurada Formularios A1, A3,A4,A5 y A6;No hay;;;data/raw/SNIG/2025/metadatos/Metadatos/datosanimales.csv;Documentada en metadatos
SNIG;DatosAnimales;data/processed/SNIG/DatosAnimales.csv;15;CantidadTenedoresPorEspecie;CantidadTenedoresPorEspecie;Cantidad de productores por especie;Cantidad de tenedores/productores según definición;Declaración Jurada Formularios A1, A3,A4,A5 y A6;No hay;;;data/raw/SNIG/2025/metadatos/Metadatos/datosanimales.csv;Documentada en metadatos
SNIG;DatosAnimales;data/processed/SNIG/DatosAnimales.csv;16;AnimalesPorEspeciePD_AD;AnimalesPorEspeciePD_AD;Suma de animales propios dentro y ajenos dentro por especie;Cabezas / animales;Declaración Jurada Formularios A1, A3,A4,A5 y A6;Hay casos aislados de animales dentro de establecimientos sin tierra declarada;La suma de animales propios dentro y ajenos dentro es la que se ha utilizado tradicionalmente por Dicose;"Propios dentro + ajenos dentro; no es un momento temporal.";data/raw/SNIG/2025/metadatos/Metadatos/datosanimales.csv;Documentada en metadatos
SNIG;DatosAnimales;data/processed/SNIG/DatosAnimales.csv;17;AnimalesPorEspeciePD_PF;AnimalesPorEspeciePD_PF;Suma de animales propios dentro y propios fuera por especie;Cabezas / animales;Declaración Jurada Formularios A1, A3,A4,A5 y A6;La cantidad de animales propios fuera no coincide con los ajenos dentro, lo que ocasiona que el total de existencias pueda variar según el criterio adoptado;Se utiliza para medir las existencias de ganado asociada a la producción lechera;"Propios dentro + propios fuera; no es un momento temporal.";data/raw/SNIG/2025/metadatos/Metadatos/datosanimales.csv;Documentada en metadatos
SNIG;DatosAnimales;data/processed/SNIG/DatosAnimales.csv;18;EspecializacionMGAPCodigo;EspecializacionMGAPCodigo;En función del giro y el uso del suelo se establece si se trata de un Productor lechero, Agricola ganadero o Ganadero;"Código; no es una magnitud continua";Decalración Jurada;;Los criterios son establecidos por la DIEA;;data/raw/SNIG/2025/metadatos/Metadatos/datosanimales.csv;Documentada en metadatos
SNIG;DatosAnimales;data/processed/SNIG/DatosAnimales.csv;19;TipoProduccionMGAPCodigo;TipoProduccionMGAPCodigo;En función de la cantidad de animales por categoria se establece si se trata de un productor Ciclo completo, Invernador. Criador, Recriador, etc.;"Código; no es una magnitud continua";Decalración Jurada;;Los criterios son establecidos por la DIEA;;data/raw/SNIG/2025/metadatos/Metadatos/datosanimales.csv;Documentada en metadatos
SNIG;DatosAnimalesDetallados;data/processed/SNIG/DatosAnimalesDetallados.csv;1;ID;ID;"Identificador técnico de la fila generado por el ETL; no identifica por sí solo un establecimiento.";Identificador;ETL del proyecto de ingeniería;;;;scripts/etl_snig_datos.py;"Derivada; documentada en código"
SNIG;DatosAnimalesDetallados;data/processed/SNIG/DatosAnimalesDetallados.csv;2;Anio;Ejercicio;Ejercicio ganadera al que corresponde la declaración;Ejercicio ganadero;Declaración Jurada Formulario A1;No hay;;"Ejercicio ganadero, renombrado Anio por el ETL; no asumir año calendario climático.";data/raw/SNIG/2025/metadatos/Metadatos/datosanimalesdetallados.csv | scripts/etl_snig_datos.py (renombre);Documentada en metadatos
SNIG;DatosAnimalesDetallados;data/processed/SNIG/DatosAnimalesDetallados.csv;3;DepartamentoCodigo;DepartamentoCodigo;Departamento en el que se encuentra registrado el tenedor;"Código; no es una magnitud continua";Registro de Tenedores de ganado;Pueden aparecen en algunos casos inconsistencias con el departamento del área de enumeración en la que está clasificado el establecimiento;;;data/raw/SNIG/2025/metadatos/Metadatos/datosanimalesdetallados.csv;Documentada en metadatos
SNIG;DatosAnimalesDetallados;data/processed/SNIG/DatosAnimalesDetallados.csv;4;SeccionalPolicialCodigo;SeccionalPolicialCodigo;Seccional policial en la cual se encuentra registrado el tenedor;"Código; no es una magnitud continua";Registro de Tenedores de ganado;;;;data/raw/SNIG/2025/metadatos/Metadatos/datosanimalesdetallados.csv;Documentada en metadatos
SNIG;DatosAnimalesDetallados;data/processed/SNIG/DatosAnimalesDetallados.csv;5;AreaSupervision;AreaSupervision;Área de Supervisión en la que se encuentra el establecimiento en función de los padrones declarados. Cuando pertenece a varias se considera la de mayor área;"Código; no es una magnitud continua";Ver área de enumeración;Ver área de enumeración;Ver área de enumeración;;data/raw/SNIG/2025/metadatos/Metadatos/datosanimalesdetallados.csv;Documentada en metadatos
SNIG;DatosAnimalesDetallados;data/processed/SNIG/DatosAnimalesDetallados.csv;6;AreaEnumeracion;AreaEnumeracion;Área de enumeración en la que se encuentra el establecimiento en función de los padrones declarados. Cuando pertenece a varias se considera la de mayor área;"Código; no es una magnitud continua";Calculado a partir de la Declaración Jurada formulario A1, el mapa de áreas de enumeración de DIEA y el catastro rural de la DGCN;No todos los productores declaran padrones, no todos los padrones están en el catastro rural. En algunos casos los padrones declarados se encuentran según el catastro rural en seccionales o departamentos diferentes al que se encuentra registrado el tenedor.;"En el mapa de tenedores con campo se incluye un contador ""sin AAEE"" indicando los establecimientos que no pudieron ser clasificados";"El código 0 se conserva y no se cuenta como faltante; no se presupone que sea un agregado.";data/raw/SNIG/2025/metadatos/Metadatos/datosanimalesdetallados.csv;Documentada en metadatos
SNIG;DatosAnimalesDetallados;data/processed/SNIG/DatosAnimalesDetallados.csv;7;ActividadCodigo;ActividadCodigo;La actividad se extrae del tercer y cuarto dígito del número de Dicose del declarante en función de los criterios establecidos en el momento de su asignación.;"Código; no es una magnitud continua";Declaración Jurada;Se han detectado algunos casos puntuales de inconsistencias entre la actividad y el giro declarado.;Cuenta con una tabla de códigos “Actividades”;;data/raw/SNIG/2025/metadatos/Metadatos/datosanimalesdetallados.csv;Documentada en metadatos
SNIG;DatosAnimalesDetallados;data/processed/SNIG/DatosAnimalesDetallados.csv;8;GiroCodigo;GiroCodigo;Giro principal declarado. Se utiliza para discriminar las diferentes clases de Tenedores sin Campo;"Código; no es una magnitud continua";Declaración Jurada Formulario A1;Se han detectado algunos casos puntuales de inconsistencias entre la actividad y el giro declarado;Cuenta con una tabla de códigos “Giros”;;data/raw/SNIG/2025/metadatos/Metadatos/datosanimalesdetallados.csv;Documentada en metadatos
SNIG;DatosAnimalesDetallados;data/processed/SNIG/DatosAnimalesDetallados.csv;9;NaturalezaJuridicaCodigo;NaturalezaJuridicaCodigo;Naturaleza jurídica con la que se encuentra registrada la empresa titular del Dicose en el registro de tenedores de ganado;"Código; no es una magnitud continua";Registro de tenedores de ganado;Hay casos aislados sin actualizar;Cuenta con una tabla de códigos “Naturalezas Jurídicas”;;data/raw/SNIG/2025/metadatos/Metadatos/datosanimalesdetallados.csv;Documentada en metadatos
SNIG;DatosAnimalesDetallados;data/processed/SNIG/DatosAnimalesDetallados.csv;10;EstratoCodigo;EstratoCodigo;Estrato de superficie al que pertenece el establecimiento según la superficie declarada. Los datos de lechería consideran animales PD y PF por lo que se incluye el estrato 0) que permite visualizar productores lecheros sin campo.;"Código; no es una magnitud continua";Calculado SNIG a partir de Declaración Jurada Formulario A1;No todos los productores declaran la superficie utilizada, por lo que puede haber animales en establecimientos de estrato 0;Cuenta con una tabla de códigos “Estratos”;;data/raw/SNIG/2025/metadatos/Metadatos/datosanimalesdetallados.csv;Documentada en metadatos
SNIG;DatosAnimalesDetallados;data/processed/SNIG/DatosAnimalesDetallados.csv;11;EspecieCodigo;EspecieCodigo;Especie de los animales;"Código; no es una magnitud continua";Declaración Jurada Formularios A1, A3,A4,A5 y A6;Las existencias de Suinos, Caprinos y Yeguarizos se incluyen a modo de referencia ya que no se han hecho controles de calidad sobre las mismas;Cuenta con una tabla de códigos “Especies”;;data/raw/SNIG/2025/metadatos/Metadatos/datosanimalesdetallados.csv;Documentada en metadatos
SNIG;DatosAnimalesDetallados;data/processed/SNIG/DatosAnimalesDetallados.csv;12;CategoriaCodigo;CategoriaCodigo;Categoría de animal;"Código; no es una magnitud continua";Declaración Jurada Formularios A1,A3,A4,A5 y A6;Se han identificado algunos casos de inconsistencias entre el desglose de ganado lechero por categorias del A3 y el total de bovinos en el establecimiento que figuran en el A1;Cuenta con una tabla de códigos “Categorías”;;data/raw/SNIG/2025/metadatos/Metadatos/datosanimalesdetallados.csv;Documentada en metadatos
SNIG;DatosAnimalesDetallados;data/processed/SNIG/DatosAnimalesDetallados.csv;13;AnimalesPorCategoriaPD_AD;AnimalesPorCategoriaPD_AD;Suma de cantidad de animales Propios y Ajenos declarados dentro del establecimiento por categoría;Cabezas / animales;Declaración Jurada Formularios A1,A3,A4,A5 y A6;Hay casos aislados de animales dentro de establecimientos sin tierra declarada;La suma de animales propios dentro y ajenos dentro es la que se ha utilizado tradicionalmente por Dicose;"Propios dentro + ajenos dentro; no es un momento temporal.";data/raw/SNIG/2025/metadatos/Metadatos/datosanimalesdetallados.csv;Documentada en metadatos
SNIG;DatosAnimalesDetallados;data/processed/SNIG/DatosAnimalesDetallados.csv;14;AnimalesPorCategoriaPD_PF;AnimalesPorCategoriaPD_PF;Suma de cantidad de animales Propios declarados dentro o fuera del establecimiento por categoría;Cabezas / animales;Declaración Jurada Formularios A1,A3,A4,A5 y A6;La cantidad de animales propios fuera no coincide con los ajenos dentro, lo que ocasiona que el total de existencias pueda variar según el criterio adoptado;;"Propios dentro + propios fuera; no es un momento temporal.";data/raw/SNIG/2025/metadatos/Metadatos/datosanimalesdetallados.csv;Documentada en metadatos
SNIG;DatosAnimalesDetallados;data/processed/SNIG/DatosAnimalesDetallados.csv;15;EspecializacionMGAPCodigo;EspecializacionMGAPCodigo;En función del giro y el uso del suelo se establece si se trata de un Productor lechero, Agricola ganadero o Ganadero;"Código; no es una magnitud continua";Decalración Jurada;;Los criterios son establecidos por la DIEA;;data/raw/SNIG/2025/metadatos/Metadatos/datosanimalesdetallados.csv;Documentada en metadatos
SNIG;DatosAnimalesDetallados;data/processed/SNIG/DatosAnimalesDetallados.csv;16;TipoProduccionMGAPCodigo;TipoProduccionMGAPCodigo;En función de la cantidad de animales por categoria se establece si se trata de un productor Ciclo completo, Invernador. Criador, Recriador, etc.;"Código; no es una magnitud continua";Decalración Jurada;;Los criterios son establecidos por la DIEA;;data/raw/SNIG/2025/metadatos/Metadatos/datosanimalesdetallados.csv;Documentada en metadatos
SNIG;Departamentos;data/processed/SNIG/Catalogos/Departamentos.csv;1;DepartamentoCodigo;DepartamentoCodigo;Código del departamento;"Código; no es una magnitud continua";Tabla de departamentos;;;;data/raw/SNIG/2025/metadatos/Metadatos/departamentos.csv;Documentada en metadatos
SNIG;Departamentos;data/processed/SNIG/Catalogos/Departamentos.csv;2;DepartamentoDescripcion;DepartamentoDescripcion;Descripción del departamento;Texto descriptivo;Tabla de departamentos;;;;data/raw/SNIG/2025/metadatos/Metadatos/departamentos.csv;Documentada en metadatos
SNIG;Actividades;data/processed/SNIG/Catalogos/Actividades.csv;1;ActividadCodigo;ActividadCodigo;Código de la actividad;"Código; no es una magnitud continua";Tabla de actividades;;;;data/raw/SNIG/2025/metadatos/Metadatos/actividades.csv;Documentada en metadatos
SNIG;Actividades;data/processed/SNIG/Catalogos/Actividades.csv;2;ActividadDescripcion;ActividadDescripcion;Descripción de la actividad;Texto descriptivo;Tabla de actividades;;;;data/raw/SNIG/2025/metadatos/Metadatos/actividades.csv;Documentada en metadatos
SNIG;Giros;data/processed/SNIG/Catalogos/Giros.csv;1;GiroCodigo;GiroCodigo;Código del giro;"Código; no es una magnitud continua";Tabla de giros;;;;data/raw/SNIG/2025/metadatos/Metadatos/giros.csv;Documentada en metadatos
SNIG;Giros;data/processed/SNIG/Catalogos/Giros.csv;2;GiroDescripcion;GiroDescripcion;Descripción del giro;Texto descriptivo;Tabla de giros;;;;data/raw/SNIG/2025/metadatos/Metadatos/giros.csv;Documentada en metadatos
SNIG;NaturalezasJuridicas;data/processed/SNIG/Catalogos/NaturalezasJuridicas.csv;1;NaturalezaJuridicaCodigo;NaturalezaJuridicaCodigo;Código de la naturaleza jurídica;"Código; no es una magnitud continua";Tabla de naturalezas jurídicas;;;;data/raw/SNIG/2025/metadatos/Metadatos/naturalezasjuridicas.csv;Documentada en metadatos
SNIG;NaturalezasJuridicas;data/processed/SNIG/Catalogos/NaturalezasJuridicas.csv;2;NaturalezaJuridicaDescripcion;NaturalezaJuridicaDescripcion;Descripción de la naturaleza jurídica;Texto descriptivo;Tabla de naturalezas jurídicas;;;;data/raw/SNIG/2025/metadatos/Metadatos/naturalezasjuridicas.csv;Documentada en metadatos
SNIG;Estratos;data/processed/SNIG/Catalogos/Estratos.csv;1;EstratoCodigo;EstratoCodigo;Código del estrato;"Código; no es una magnitud continua";Tabla de estratos;;;;data/raw/SNIG/2025/metadatos/Metadatos/estratos.csv;Documentada en metadatos
SNIG;Estratos;data/processed/SNIG/Catalogos/Estratos.csv;2;EstratoDescripcion;EstratoDescripcion;Descripción del estrato;Texto descriptivo;Tabla de estratos;;;;data/raw/SNIG/2025/metadatos/Metadatos/estratos.csv;Documentada en metadatos
SNIG;EspecializacionesMGAP;data/processed/SNIG/Catalogos/EspecializacionesMGAP.csv;1;EspecializacionMGAPCodigo;EspecializacionMGAPCodigo;Código de especialización;"Código; no es una magnitud continua";Tabla de especializaciones MGAP;;;;data/raw/SNIG/2025/metadatos/Metadatos/especializacionesMGAP.csv;Documentada en metadatos
SNIG;EspecializacionesMGAP;data/processed/SNIG/Catalogos/EspecializacionesMGAP.csv;2;EspecializacionMGAPDescripcion;EspecializacionMGAPDescripcion;Descripción de la especialización;Texto descriptivo;Tabla de especializaciones MGAP;;;;data/raw/SNIG/2025/metadatos/Metadatos/especializacionesMGAP.csv;Documentada en metadatos
SNIG;TiposProduccionMGAP;data/processed/SNIG/Catalogos/TiposProduccionMGAP.csv;1;TipoProduccionMGAPCodigo;TipoProduccionMGAPCodigo;Código del tipo de producción;"Código; no es una magnitud continua";Tabla de tipos de producción MGAP;;;;data/raw/SNIG/2025/metadatos/Metadatos/tiposproduccionesMGAP.csv;Documentada en metadatos
SNIG;TiposProduccionMGAP;data/processed/SNIG/Catalogos/TiposProduccionMGAP.csv;2;TipoProduccionMGAPDescripcion;TipoProduccionMGAPDescripcion;Descripción del tipo de producción;Texto descriptivo;Tabla de tipos de producción MGAP;;;;data/raw/SNIG/2025/metadatos/Metadatos/tiposproduccionesMGAP.csv;Documentada en metadatos
SNIG;Especies;data/processed/SNIG/Catalogos/Especies.csv;1;EspecieCodigo;EspecieCodigo;Código de la especie;"Código; no es una magnitud continua";Tabla de especies;;;;data/raw/SNIG/2025/metadatos/Metadatos/especies.csv;Documentada en metadatos
SNIG;Especies;data/processed/SNIG/Catalogos/Especies.csv;2;EspecieDescripcion;EspecieDescripcion;Descripción de la especie;Texto descriptivo;Tabla de especies;;;;data/raw/SNIG/2025/metadatos/Metadatos/especies.csv;Documentada en metadatos
SNIG;Categorias;data/processed/SNIG/Catalogos/Categorias.csv;1;EspecieCodigo;EspecieCodigo;Código de la especie;"Código; no es una magnitud continua";Tabla de categorias;;Cuenta con una tabla de códigos ?Especies?;;data/raw/SNIG/2025/metadatos/Metadatos/categorias.csv;Documentada en metadatos
SNIG;Categorias;data/processed/SNIG/Catalogos/Categorias.csv;2;CategoriaCodigo;CategoriaCodigo;Código de la categoría;"Código; no es una magnitud continua";Tabla de categorias;;;;data/raw/SNIG/2025/metadatos/Metadatos/categorias.csv;Documentada en metadatos
SNIG;Categorias;data/processed/SNIG/Catalogos/Categorias.csv;3;CategoriaDescripcion;CategoriaDescripcion;Descripción de la categoría;Texto descriptivo;Tabla de categorias;;;;data/raw/SNIG/2025/metadatos/Metadatos/categorias.csv;Documentada en metadatos
SNIG;Categorias;data/processed/SNIG/Catalogos/Categorias.csv;4;CategoriaPonderacionUG;CategoriaPonderacionUG;Ponderación para calcular las unidades ganaderas;Factor de conversión a unidades ganaderas;Tabla de categorias;;;;data/raw/SNIG/2025/metadatos/Metadatos/categorias.csv;Documentada en metadatos
INIA;INIA;data/processed/INIA/INIA.csv;1;Anio;Fecha;Año calendario de la fecha de observación diaria de INIA.;Componente de fecha;Transformación existente del proyecto de ingeniería;;;;scripts/etl_inia.py;"Derivada; documentada en código"
INIA;INIA;data/processed/INIA/INIA.csv;2;Mes;Fecha;Mes de la fecha de observación diaria de INIA.;Componente de fecha;Transformación existente del proyecto de ingeniería;;;;scripts/etl_inia.py;"Derivada; documentada en código"
INIA;INIA;data/processed/INIA/INIA.csv;3;Dia;Fecha;Día del mes de la fecha de observación diaria de INIA.;Componente de fecha;Transformación existente del proyecto de ingeniería;;;;scripts/etl_inia.py;"Derivada; documentada en código"
INIA;INIA;data/processed/INIA/INIA.csv;4;EstacionAgr;Nombre del archivo INIA;"Nombre de la estación agrometeorológica; vincula cada observación con el catálogo EstacionAgr.";Nombre/clave de estación;Transformación existente del proyecto de ingeniería;;;Se conservan las grafías del catálogo processed, incluidos sus acentos y erratas.;scripts/etl_inia.py;"Derivada; documentada en código"
INIA;INIA;data/processed/INIA/INIA.csv;5;Heliofania(hrs);Heliofanía (Hrs.);Heliofanía Hs se obtiene a partir de la “lectura” de la banda de heliofanía que va sobre el heliofanógrafo. Se contabilizan las porciones de la banda que fueron quemadas por el sol, y la suma de estas equivale a las horas de insolación directa. Para el caso de la estación de INIA Las Brujas, a partir del 21 de diciembre de 2020 no se realiza más “lectura” de banda. Las horas de insolación directa se estiman a partir de un modelo ajustado, para esa estación en particular, entre datos de radiación solar de la estación meteorológica automática y radiación calculada a partir de heliofanógrafo. La estación automática se encuentra en el mismo predio donde está ubicado el helioganógrafo. El ajuste del modelo se hizo con datos del 2011 a 2019 inclusive, y considera el mes del año para el cual se estiman las horas de insolación. La validación del modelo se hizo con datos de enero a noviembre de 2020. El modelo ajustado tiene un R2=0.9446 y un RMSE=0.975 horas entre las horas de insolación por banda y horas de insolación estimadas por el modelo ajustado. Para el período de validación, por banda de heliofanógrafo se contabilizaron 2513.9 horas, y por modelo ajustado 2534.5 horas. Una diferencia de 20.6 horas entre ambos métodos, lo que equivale a un 0.82% de sobreestimación del modelo ajustado.;Horas;INIA: pie del CSV de cada estación;;;"Vacíos y marcadores explícitos contabilizados; no se asigna una causa no documentada.";data/raw/inia/INIA La Estanzuela.csv | data/raw/inia/INIA Las Brujas.csv | data/raw/inia/INIA Salto Grande.csv | data/raw/inia/INIA Tacuarembó - La Magnolia.csv | data/raw/inia/INIA Tacuaremnó - Glencore.csv | data/raw/inia/INIA Treinta y Tres - Paso de la Laguna.csv | scripts/etl_inia.py (renombre);Documentada en metadatos
INIA;INIA;data/processed/INIA/INIA.csv;6;TempSC05cm(max);Temp. SC 05cm (max) (ºC);Temperatura máxima registrada a 5 cm de profundidad en suelo cubierto por pasto.;ºC;INIA: pie del CSV de cada estación;;;"Vacíos y marcadores explícitos contabilizados; no se asigna una causa no documentada.";data/raw/inia/INIA La Estanzuela.csv | data/raw/inia/INIA Las Brujas.csv | data/raw/inia/INIA Salto Grande.csv | data/raw/inia/INIA Tacuarembó - La Magnolia.csv | data/raw/inia/INIA Tacuaremnó - Glencore.csv | data/raw/inia/INIA Treinta y Tres - Paso de la Laguna.csv | scripts/etl_inia.py (renombre);Documentada en metadatos
INIA;INIA;data/processed/INIA/INIA.csv;7;TempSC10cm(max);Temp. SC 10cm (max) (ºC);Temperatura máxima registrada a 10 cm de profundidad en suelo cubierto por pasto.;ºC;INIA: pie del CSV de cada estación;;;"Vacíos y marcadores explícitos contabilizados; no se asigna una causa no documentada.";data/raw/inia/INIA La Estanzuela.csv | data/raw/inia/INIA Las Brujas.csv | data/raw/inia/INIA Salto Grande.csv | data/raw/inia/INIA Tacuarembó - La Magnolia.csv | data/raw/inia/INIA Tacuaremnó - Glencore.csv | data/raw/inia/INIA Treinta y Tres - Paso de la Laguna.csv | scripts/etl_inia.py (renombre);Documentada en metadatos
INIA;INIA;data/processed/INIA/INIA.csv;8;TempSC05cm(min);Temp. SC 05cm (min) (ºC);Temperatura mínima registrada a 5 cm de profundidad en suelo cubierto por pasto.;ºC;INIA: pie del CSV de cada estación;;;"Vacíos y marcadores explícitos contabilizados; no se asigna una causa no documentada.";data/raw/inia/INIA La Estanzuela.csv | data/raw/inia/INIA Las Brujas.csv | data/raw/inia/INIA Salto Grande.csv | data/raw/inia/INIA Tacuarembó - La Magnolia.csv | data/raw/inia/INIA Tacuaremnó - Glencore.csv | data/raw/inia/INIA Treinta y Tres - Paso de la Laguna.csv | scripts/etl_inia.py (renombre);Documentada en metadatos
INIA;INIA;data/processed/INIA/INIA.csv;9;TempSC10cm(min);Temp. SC 10cm (min) (ºC);Temperatura mínima registrada a 10 cm de profundidad en suelo cubierto por pasto.;ºC;INIA: pie del CSV de cada estación;;;"Vacíos y marcadores explícitos contabilizados; no se asigna una causa no documentada.";data/raw/inia/INIA La Estanzuela.csv | data/raw/inia/INIA Las Brujas.csv | data/raw/inia/INIA Salto Grande.csv | data/raw/inia/INIA Tacuarembó - La Magnolia.csv | data/raw/inia/INIA Tacuaremnó - Glencore.csv | data/raw/inia/INIA Treinta y Tres - Paso de la Laguna.csv | scripts/etl_inia.py (renombre);Documentada en metadatos
INIA;INIA;data/processed/INIA/INIA.csv;10;TempSD05cm(min);Temp. SD 05cm (min) (ºC);Temperatura mínima a 5 cm de profundidad en suelo desnudo (sin vegetación).;ºC;INIA: pie del CSV de cada estación;;;"Vacíos y marcadores explícitos contabilizados; no se asigna una causa no documentada.";data/raw/inia/INIA La Estanzuela.csv | data/raw/inia/INIA Las Brujas.csv | data/raw/inia/INIA Salto Grande.csv | data/raw/inia/INIA Tacuarembó - La Magnolia.csv | data/raw/inia/INIA Tacuaremnó - Glencore.csv | data/raw/inia/INIA Treinta y Tres - Paso de la Laguna.csv | scripts/etl_inia.py (renombre);Documentada en metadatos
INIA;INIA;data/processed/INIA/INIA.csv;11;TempSD10cm(min);Temp. SD 10cm (min) (ºC);Temperatura mínima a 10 cm de profundidad en suelo desnudo (sin vegetación).;ºC;INIA: pie del CSV de cada estación;;;"Vacíos y marcadores explícitos contabilizados; no se asigna una causa no documentada.";data/raw/inia/INIA La Estanzuela.csv | data/raw/inia/INIA Las Brujas.csv | data/raw/inia/INIA Salto Grande.csv | data/raw/inia/INIA Tacuarembó - La Magnolia.csv | data/raw/inia/INIA Tacuaremnó - Glencore.csv | data/raw/inia/INIA Treinta y Tres - Paso de la Laguna.csv | scripts/etl_inia.py (renombre);Documentada en metadatos
INIA;INIA;data/processed/INIA/INIA.csv;12;TempSD05cm(max);Temp. SD 05cm (max) (ºC);Temperatura máxima a 5 cm de profundidad en suelo desnudo (sin vegetación).;ºC;INIA: pie del CSV de cada estación;;;"Vacíos y marcadores explícitos contabilizados; no se asigna una causa no documentada.";data/raw/inia/INIA La Estanzuela.csv | data/raw/inia/INIA Las Brujas.csv | data/raw/inia/INIA Salto Grande.csv | data/raw/inia/INIA Tacuarembó - La Magnolia.csv | data/raw/inia/INIA Tacuaremnó - Glencore.csv | data/raw/inia/INIA Treinta y Tres - Paso de la Laguna.csv | scripts/etl_inia.py (renombre);Documentada en metadatos
INIA;INIA;data/processed/INIA/INIA.csv;13;TempSD10cm(max);Temp. SD 10cm (max) (ºC);Temperatura máxima a 10 cm de profundidad en suelo desnudo (sin vegetación).;ºC;INIA: pie del CSV de cada estación;;;"Vacíos y marcadores explícitos contabilizados; no se asigna una causa no documentada.";data/raw/inia/INIA La Estanzuela.csv | data/raw/inia/INIA Las Brujas.csv | data/raw/inia/INIA Salto Grande.csv | data/raw/inia/INIA Tacuarembó - La Magnolia.csv | data/raw/inia/INIA Tacuaremnó - Glencore.csv | data/raw/inia/INIA Treinta y Tres - Paso de la Laguna.csv | scripts/etl_inia.py (renombre);Documentada en metadatos
INIA;INIA;data/processed/INIA/INIA.csv;14;PrecipAcum;Precip. Acumulada (mm);Precipitación acumulada diaria, medida convencionalmente;mm;INIA: pie del CSV de cada estación;;;"Vacíos y marcadores explícitos contabilizados; no se asigna una causa no documentada.";data/raw/inia/INIA La Estanzuela.csv | data/raw/inia/INIA Las Brujas.csv | data/raw/inia/INIA Salto Grande.csv | data/raw/inia/INIA Tacuarembó - La Magnolia.csv | data/raw/inia/INIA Tacuaremnó - Glencore.csv | data/raw/inia/INIA Treinta y Tres - Paso de la Laguna.csv | scripts/etl_inia.py (renombre);Documentada en metadatos
INIA;INIA;data/processed/INIA/INIA.csv;15;TempSD05cm(med);Temp. SD 05cm (med) (ºC);Temperatura media a 5 cm de profundidad en suelo desnudo (sin vegetación).;ºC;INIA: pie del CSV de cada estación;;;"Vacíos y marcadores explícitos contabilizados; no se asigna una causa no documentada.";data/raw/inia/INIA La Estanzuela.csv | data/raw/inia/INIA Las Brujas.csv | data/raw/inia/INIA Salto Grande.csv | data/raw/inia/INIA Tacuarembó - La Magnolia.csv | data/raw/inia/INIA Tacuaremnó - Glencore.csv | data/raw/inia/INIA Treinta y Tres - Paso de la Laguna.csv | scripts/etl_inia.py (renombre);Documentada en metadatos
INIA;INIA;data/processed/INIA/INIA.csv;16;TempSD10cm(med);Temp. SD 10cm (med) (ºC);Temperatura media a 10 cm de profundidad en suelo desnudo (sin vegetación).;ºC;INIA: pie del CSV de cada estación;;;"Vacíos y marcadores explícitos contabilizados; no se asigna una causa no documentada.";data/raw/inia/INIA La Estanzuela.csv | data/raw/inia/INIA Las Brujas.csv | data/raw/inia/INIA Salto Grande.csv | data/raw/inia/INIA Tacuarembó - La Magnolia.csv | data/raw/inia/INIA Tacuaremnó - Glencore.csv | data/raw/inia/INIA Treinta y Tres - Paso de la Laguna.csv | scripts/etl_inia.py (renombre);Documentada en metadatos
INIA;INIA;data/processed/INIA/INIA.csv;17;TempSC05cm(med);Temp. SC 05cm (med) (ºC);Temperatura media registrada a 5 cm de profundidad en suelo cubierto por pasto.;ºC;INIA: pie del CSV de cada estación;;;"Vacíos y marcadores explícitos contabilizados; no se asigna una causa no documentada.";data/raw/inia/INIA La Estanzuela.csv | data/raw/inia/INIA Las Brujas.csv | data/raw/inia/INIA Salto Grande.csv | data/raw/inia/INIA Tacuarembó - La Magnolia.csv | data/raw/inia/INIA Tacuaremnó - Glencore.csv | data/raw/inia/INIA Treinta y Tres - Paso de la Laguna.csv | scripts/etl_inia.py (renombre);Documentada en metadatos
INIA;INIA;data/processed/INIA/INIA.csv;18;TempSC10cm(med);Temp. SC 10cm (med) (ºC);Temperatura media registrada a 10 cm de profundidad en suelo cubierto por pasto.;ºC;INIA: pie del CSV de cada estación;;;"Vacíos y marcadores explícitos contabilizados; no se asigna una causa no documentada.";data/raw/inia/INIA La Estanzuela.csv | data/raw/inia/INIA Las Brujas.csv | data/raw/inia/INIA Salto Grande.csv | data/raw/inia/INIA Tacuarembó - La Magnolia.csv | data/raw/inia/INIA Tacuaremnó - Glencore.csv | data/raw/inia/INIA Treinta y Tres - Paso de la Laguna.csv | scripts/etl_inia.py (renombre);Documentada en metadatos
INIA;INIA;data/processed/INIA/INIA.csv;19;TempAireMax;Temp. Aire Máxima (ºC);Temperatura máxima registrada convencionalmente en la casilla meteorológica, en el día.;ºC;INIA: pie del CSV de cada estación;;;"Vacíos y marcadores explícitos contabilizados; no se asigna una causa no documentada.";data/raw/inia/INIA La Estanzuela.csv | data/raw/inia/INIA Las Brujas.csv | data/raw/inia/INIA Salto Grande.csv | data/raw/inia/INIA Tacuarembó - La Magnolia.csv | data/raw/inia/INIA Tacuaremnó - Glencore.csv | data/raw/inia/INIA Treinta y Tres - Paso de la Laguna.csv | scripts/etl_inia.py (renombre);Documentada en metadatos
INIA;INIA;data/processed/INIA/INIA.csv;20;TempAireMin;Temp. Aire Mìnima (ºC);Temperatura mínima registrada convencionalmente en la casilla meteorológica, en el día.;ºC;INIA: pie del CSV de cada estación;;;"Vacíos y marcadores explícitos contabilizados; no se asigna una causa no documentada.";data/raw/inia/INIA La Estanzuela.csv | data/raw/inia/INIA Las Brujas.csv | data/raw/inia/INIA Salto Grande.csv | data/raw/inia/INIA Tacuarembó - La Magnolia.csv | data/raw/inia/INIA Tacuaremnó - Glencore.csv | data/raw/inia/INIA Treinta y Tres - Paso de la Laguna.csv | scripts/etl_inia.py (renombre);Documentada en metadatos
INIA;INIA;data/processed/INIA/INIA.csv;21;TMedia;T. Media ((TM+Tm)/2) (ºC);Temperatura media del día calculada utilizando la temperatura máxima y la mínima.;ºC;INIA: pie del CSV de cada estación;;;"Vacíos y marcadores explícitos contabilizados; no se asigna una causa no documentada.";data/raw/inia/INIA La Estanzuela.csv | data/raw/inia/INIA Las Brujas.csv | data/raw/inia/INIA Salto Grande.csv | data/raw/inia/INIA Tacuarembó - La Magnolia.csv | data/raw/inia/INIA Tacuaremnó - Glencore.csv | data/raw/inia/INIA Treinta y Tres - Paso de la Laguna.csv | scripts/etl_inia.py (renombre);Documentada en metadatos
INIA;INIA;data/processed/INIA/INIA.csv;22;EvapPiche;Evaporación Piché (mm);Cantidad de agua que se evapora en 24 horas sin influencia solar, medida convencionalmente.;mm;INIA: pie del CSV de cada estación;;;"Vacíos y marcadores explícitos contabilizados; no se asigna una causa no documentada.";data/raw/inia/INIA La Estanzuela.csv | data/raw/inia/INIA Las Brujas.csv | data/raw/inia/INIA Salto Grande.csv | data/raw/inia/INIA Tacuarembó - La Magnolia.csv | data/raw/inia/INIA Tacuaremnó - Glencore.csv | data/raw/inia/INIA Treinta y Tres - Paso de la Laguna.csv | scripts/etl_inia.py (renombre);Documentada en metadatos
INIA;INIA;data/processed/INIA/INIA.csv;23;EvapTanque;Evaporación Tanque A (mm);Cantidad de agua que se evapora con la influencia solar y del viento en 24 horas.;mm;INIA: pie del CSV de cada estación;;;"Vacíos y marcadores explícitos contabilizados; no se asigna una causa no documentada.";data/raw/inia/INIA La Estanzuela.csv | data/raw/inia/INIA Las Brujas.csv | data/raw/inia/INIA Salto Grande.csv | data/raw/inia/INIA Tacuarembó - La Magnolia.csv | data/raw/inia/INIA Tacuaremnó - Glencore.csv | data/raw/inia/INIA Treinta y Tres - Paso de la Laguna.csv | scripts/etl_inia.py (renombre);Documentada en metadatos
INIA;INIA;data/processed/INIA/INIA.csv;24;TMinSCesped;T.Mín. s/césped (ºC);Temperatura mínima registrada sobre césped (5 cm sobre el suelo) en el día.;ºC;INIA: pie del CSV de cada estación;;;"Vacíos y marcadores explícitos contabilizados; no se asigna una causa no documentada.";data/raw/inia/INIA La Estanzuela.csv | data/raw/inia/INIA Las Brujas.csv | data/raw/inia/INIA Salto Grande.csv | data/raw/inia/INIA Tacuarembó - La Magnolia.csv | data/raw/inia/INIA Tacuaremnó - Glencore.csv | data/raw/inia/INIA Treinta y Tres - Paso de la Laguna.csv | scripts/etl_inia.py (renombre);Documentada en metadatos
INIA;INIA;data/processed/INIA/INIA.csv;25;RecorridoViento;Recorrido Viento (km/dia);Recorrido del viento en la horizontal a dos metros de altura.;km/día;INIA: pie del CSV de cada estación;;;"Vacíos y marcadores explícitos contabilizados; no se asigna una causa no documentada.";data/raw/inia/INIA La Estanzuela.csv | data/raw/inia/INIA Las Brujas.csv | data/raw/inia/INIA Salto Grande.csv | data/raw/inia/INIA Tacuarembó - La Magnolia.csv | data/raw/inia/INIA Tacuaremnó - Glencore.csv | data/raw/inia/INIA Treinta y Tres - Paso de la Laguna.csv | scripts/etl_inia.py (renombre);Documentada en metadatos
INIA;INIA;data/processed/INIA/INIA.csv;26;HRMax;HR Máxima (%);Valor más alto de Humedad Relativa en el día (0hrs a 24hrs).;%;INIA: pie del CSV de cada estación;;;"Vacíos y marcadores explícitos contabilizados; no se asigna una causa no documentada.";data/raw/inia/INIA La Estanzuela.csv | data/raw/inia/INIA Las Brujas.csv | data/raw/inia/INIA Salto Grande.csv | data/raw/inia/INIA Tacuarembó - La Magnolia.csv | data/raw/inia/INIA Tacuaremnó - Glencore.csv | data/raw/inia/INIA Treinta y Tres - Paso de la Laguna.csv | scripts/etl_inia.py (renombre);Documentada en metadatos
INIA;INIA;data/processed/INIA/INIA.csv;27;TempAireMedia;Temp. Aire Media (ºC);Temperatura Media del Aire.;ºC;INIA: pie del CSV de cada estación;;;"Vacíos y marcadores explícitos contabilizados; no se asigna una causa no documentada. El pie no detalla su fórmula; no equiparar sin comprobación con TMedia.";data/raw/inia/INIA La Estanzuela.csv | data/raw/inia/INIA Las Brujas.csv | data/raw/inia/INIA Salto Grande.csv | data/raw/inia/INIA Tacuarembó - La Magnolia.csv | data/raw/inia/INIA Tacuaremnó - Glencore.csv | data/raw/inia/INIA Treinta y Tres - Paso de la Laguna.csv | scripts/etl_inia.py (renombre);Documentada en metadatos
INIA;INIA;data/processed/INIA/INIA.csv;28;HeladaAgromet;Helada Agromet. (S:1/N:0);Cuando a nivel de césped (5 cm del suelo) la temperatura es 0°C o menor, se indica con un “1” que hubo helada agrometeorológica. Se indica con “0” cuando no la hubo.;"Indicador: 1=sí; 0=no";INIA: pie del CSV de cada estación;;;"Indicador 1=sí, 0=no; el cero es un dato presente, no un nulo.";data/raw/inia/INIA La Estanzuela.csv | data/raw/inia/INIA Las Brujas.csv | data/raw/inia/INIA Salto Grande.csv | data/raw/inia/INIA Tacuarembó - La Magnolia.csv | data/raw/inia/INIA Tacuaremnó - Glencore.csv | data/raw/inia/INIA Treinta y Tres - Paso de la Laguna.csv | scripts/etl_inia.py (renombre);Documentada en metadatos
INIA;INIA;data/processed/INIA/INIA.csv;29;HeladaMeteo;Helada Meteo. (S:1/N:0);Cuando la lectura del termómetro de mínima en la casilla meteorológica (entre 1.50m a 2.00m del suelo) es de 0°C o menor, se indica con un “1” que hubo helada Meteorológica. Un “0” indica que no la hubo.;"Indicador: 1=sí; 0=no";INIA: pie del CSV de cada estación;;;"Indicador 1=sí, 0=no; el cero es un dato presente, no un nulo.";data/raw/inia/INIA La Estanzuela.csv | data/raw/inia/INIA Las Brujas.csv | data/raw/inia/INIA Salto Grande.csv | data/raw/inia/INIA Tacuarembó - La Magnolia.csv | data/raw/inia/INIA Tacuaremnó - Glencore.csv | data/raw/inia/INIA Treinta y Tres - Paso de la Laguna.csv | scripts/etl_inia.py (renombre);Documentada en metadatos
INIA;INIA;data/processed/INIA/INIA.csv;30;AmplitudTermica;Amplitud Térmica (ºC);Amplitud Térmica °C = Temperatura Máxima °C - Temperatura mínima °C;ºC;INIA: pie del CSV de cada estación;;;"Vacíos y marcadores explícitos contabilizados; no se asigna una causa no documentada.";data/raw/inia/INIA La Estanzuela.csv | data/raw/inia/INIA Las Brujas.csv | data/raw/inia/INIA Salto Grande.csv | data/raw/inia/INIA Tacuarembó - La Magnolia.csv | data/raw/inia/INIA Tacuaremnó - Glencore.csv | data/raw/inia/INIA Treinta y Tres - Paso de la Laguna.csv | scripts/etl_inia.py (renombre);Documentada en metadatos
INIA;INIA;data/processed/INIA/INIA.csv;31;HeliofaniaRelativa;Heliofanía Relativa (%);Relación porcentual entre el valor real y la insolación máxima posible (tabulada de acuerdo a la latitud) para ese día del año.;%;INIA: pie del CSV de cada estación;;;"Vacíos y marcadores explícitos contabilizados; no se asigna una causa no documentada.";data/raw/inia/INIA La Estanzuela.csv | data/raw/inia/INIA Las Brujas.csv | data/raw/inia/INIA Salto Grande.csv | data/raw/inia/INIA Tacuarembó - La Magnolia.csv | data/raw/inia/INIA Tacuaremnó - Glencore.csv | data/raw/inia/INIA Treinta y Tres - Paso de la Laguna.csv | scripts/etl_inia.py (renombre);Documentada en metadatos
INIA;INIA;data/processed/INIA/INIA.csv;32;EvapotranspPenman;Evapotransp. Penman (mm);El cálculo de la evapotranspiración potencial según el método de Penman-Monteith se basa en la ecuación definida por FAO (haciendo uso de la definición del cultivo de referencia como un cultivo hipotético con una altura asumida 0.12m, con una resistencia superficial de 70 sm-1 y un albedo de 0.23 y que representa a la evapotranspiración de una superficie extensa de pasto verde de altura uniforme, creciendo activamente y adecuadamente regado) con algunas modificaciones de algunos parámetros ajustados para las condiciones del Uruguay.;mm;INIA: pie del CSV de cada estación;;;"Vacíos y marcadores explícitos contabilizados; no se asigna una causa no documentada.";data/raw/inia/INIA La Estanzuela.csv | data/raw/inia/INIA Las Brujas.csv | data/raw/inia/INIA Salto Grande.csv | data/raw/inia/INIA Tacuarembó - La Magnolia.csv | data/raw/inia/INIA Tacuaremnó - Glencore.csv | data/raw/inia/INIA Treinta y Tres - Paso de la Laguna.csv | scripts/etl_inia.py (renombre);Documentada en metadatos
INIA;INIA;data/processed/INIA/INIA.csv;33;RadSolar;Rad.Solar (xHelio)cal/cm²;La Radiación Solar se calcula por fórmula de Angstrom, la cual relaciona la radiación solar con la radiación extraterrestre y la duración relativa de la insolación.;cal/cm²;INIA: pie del CSV de cada estación;;;"Vacíos y marcadores explícitos contabilizados; no se asigna una causa no documentada.";data/raw/inia/INIA La Estanzuela.csv | data/raw/inia/INIA Las Brujas.csv | data/raw/inia/INIA Salto Grande.csv | data/raw/inia/INIA Tacuarembó - La Magnolia.csv | data/raw/inia/INIA Tacuaremnó - Glencore.csv | data/raw/inia/INIA Treinta y Tres - Paso de la Laguna.csv | scripts/etl_inia.py (renombre);Documentada en metadatos
INIA;INIA;data/processed/INIA/INIA.csv;34;PrecipEfectiva;Precip. Efectiva (mm);Es la precipitación del día, descontando el escurrimiento superficial.;mm;INIA: pie del CSV de cada estación;;;"Vacíos y marcadores explícitos contabilizados; no se asigna una causa no documentada.";data/raw/inia/INIA La Estanzuela.csv | data/raw/inia/INIA Las Brujas.csv | data/raw/inia/INIA Salto Grande.csv | data/raw/inia/INIA Tacuarembó - La Magnolia.csv | data/raw/inia/INIA Tacuaremnó - Glencore.csv | data/raw/inia/INIA Treinta y Tres - Paso de la Laguna.csv | scripts/etl_inia.py (renombre);Documentada en metadatos
INIA;INIA;data/processed/INIA/INIA.csv;35;UnTermicasArroz;Un. Térmicas Arroz;Se utiliza para calcular el alcance de madurez fisiológica de un cultivo. Se calcula tomando el promedio diario de cada día de la To máxima y mínima comparada con una temperatura base (para arroz = 10 °C). UT = (máx + mín) / 2) – temperatura base o Temperatura Base = para el arroz 10°C o Si la temperatura máxima es >= a 34°C, se topea en 34°C la temperatura máxima. o Si la temperatura mínima es >= a 21 °C, se topea en 21°C la temperatura mínima. o Si (máx + mín) / 2) es menor a la temperatura base, la unidad térmica de arroz queda en 0.;Unidades térmicas de arroz (base 10 ºC y topes según definición);INIA: pie del CSV de cada estación;;;"Vacíos y marcadores explícitos contabilizados; no se asigna una causa no documentada.";data/raw/inia/INIA La Estanzuela.csv | data/raw/inia/INIA Las Brujas.csv | data/raw/inia/INIA Salto Grande.csv | data/raw/inia/INIA Tacuarembó - La Magnolia.csv | data/raw/inia/INIA Tacuaremnó - Glencore.csv | data/raw/inia/INIA Treinta y Tres - Paso de la Laguna.csv | scripts/etl_inia.py (renombre);Documentada en metadatos
INIA;INIA;data/processed/INIA/INIA.csv;36;UnidadFrio;Unidad Frío (Richardson);Es una unidad donde se asigna a cada temperatura o intervalo de temperaturas un nivel de eficiencia para contribuir a la ruptura de la dormición. Las UF diarias se obtienen mediante la sumatoria de las UF de cada hora del día (00hs a 24hs) por lo que se toman los datos horarios de temperatura.;Unidades de frío Richardson;INIA: pie del CSV de cada estación;;;"Vacíos y marcadores explícitos contabilizados; no se asigna una causa no documentada.";data/raw/inia/INIA La Estanzuela.csv | data/raw/inia/INIA Las Brujas.csv | data/raw/inia/INIA Salto Grande.csv | data/raw/inia/INIA Tacuarembó - La Magnolia.csv | data/raw/inia/INIA Tacuaremnó - Glencore.csv | data/raw/inia/INIA Treinta y Tres - Paso de la Laguna.csv | scripts/etl_inia.py (renombre);Documentada en metadatos
INIA;INIA;data/processed/INIA/INIA.csv;37;TempMin7p2;T <=7.2 (Weinberger)(Hrs);Cantidad de horas en el día (0hrs a 24hrs) en las que la temperatura es menor o igual a 7.2 °C.;Horas;INIA: pie del CSV de cada estación;;;"Vacíos y marcadores explícitos contabilizados; no se asigna una causa no documentada.";data/raw/inia/INIA La Estanzuela.csv | data/raw/inia/INIA Las Brujas.csv | data/raw/inia/INIA Salto Grande.csv | data/raw/inia/INIA Tacuarembó - La Magnolia.csv | data/raw/inia/INIA Tacuaremnó - Glencore.csv | data/raw/inia/INIA Treinta y Tres - Paso de la Laguna.csv | scripts/etl_inia.py (renombre);Documentada en metadatos
INIA;INIA;data/processed/INIA/INIA.csv;38;Llovio;Llovió (S:1/N:0);Refiere a si ese día precipitó (indicado con 1) o no se registró precipitación (indicado con 0).;"Indicador: 1=sí; 0=no";INIA: pie del CSV de cada estación;;;"Indicador 1=sí, 0=no; el cero es un dato presente, no un nulo.";data/raw/inia/INIA La Estanzuela.csv | data/raw/inia/INIA Las Brujas.csv | data/raw/inia/INIA Salto Grande.csv | data/raw/inia/INIA Tacuarembó - La Magnolia.csv | data/raw/inia/INIA Tacuaremnó - Glencore.csv | data/raw/inia/INIA Treinta y Tres - Paso de la Laguna.csv | scripts/etl_inia.py (renombre);Documentada en metadatos
INIA;INIA;data/processed/INIA/INIA.csv;39;HR90y99;HR >=90% y <=99% (Horas);Cantidad de horas del día (0hrs a 24hrs) en que la Humedad Relativa estuvo igual o entre 90 % y 99%.;Horas;INIA: pie del CSV de cada estación;;;"Vacíos y marcadores explícitos contabilizados; no se asigna una causa no documentada.";data/raw/inia/INIA La Estanzuela.csv | data/raw/inia/INIA Las Brujas.csv | data/raw/inia/INIA Salto Grande.csv | data/raw/inia/INIA Tacuarembó - La Magnolia.csv | data/raw/inia/INIA Tacuaremnó - Glencore.csv | data/raw/inia/INIA Treinta y Tres - Paso de la Laguna.csv | scripts/etl_inia.py (renombre);Documentada en metadatos
INIA;INIA;data/processed/INIA/INIA.csv;40;HR100;Humedad Rel. = 100% (Hrs);Cantidad de horas en el día (0hrs a 24hrs) que la Humedad Relativa fue igual a 100%.;Horas;INIA: pie del CSV de cada estación;;;"Vacíos y marcadores explícitos contabilizados; no se asigna una causa no documentada.";data/raw/inia/INIA La Estanzuela.csv | data/raw/inia/INIA Las Brujas.csv | data/raw/inia/INIA Salto Grande.csv | data/raw/inia/INIA Tacuarembó - La Magnolia.csv | data/raw/inia/INIA Tacuaremnó - Glencore.csv | data/raw/inia/INIA Treinta y Tres - Paso de la Laguna.csv | scripts/etl_inia.py (renombre);Documentada en metadatos
INIA;INIA;data/processed/INIA/INIA.csv;41;TMin15;T.Min < 15ºC (S:1/N:0);Cuando la temperatura mínima en la casilla meteorológica es menor a 15°C se indica con un “1” y por el contrario con un “0”.;"Indicador: 1=sí; 0=no";INIA: pie del CSV de cada estación;;;"Indicador 1=sí, 0=no; el cero es un dato presente, no un nulo.";data/raw/inia/INIA La Estanzuela.csv | data/raw/inia/INIA Las Brujas.csv | data/raw/inia/INIA Salto Grande.csv | data/raw/inia/INIA Tacuarembó - La Magnolia.csv | data/raw/inia/INIA Tacuaremnó - Glencore.csv | data/raw/inia/INIA Treinta y Tres - Paso de la Laguna.csv | scripts/etl_inia.py (renombre);Documentada en metadatos
INIA;INIA;data/processed/INIA/INIA.csv;42;GradosMenos6;Grados Dias 06.0º (ºC);"Se calcula restando el promedio diario (00hs a 24hs) de cada día con una temperatura base. Grados días = Promedio 24hs - Temperatura base Temperaturas Bases: 4.5°C; 6.0°C; 7.0°C; 8.0C; 9.0°C; 10.0°C; 10.5°C; 12.8°C. Si el promedio de temperatura del día es menor a la temperatura base, los grados días no se calculan, la variable queda vacía.";Grados-día sobre la base positiva indicada (encabezado fuente: ºC);INIA: pie del CSV de cada estación;;;Vacío potencialmente estructural: el metadato indica que no se calcula si la media diaria es inferior a la base. El CSV no permite atribuir cada vacío a esa causa. No imputado. El nombre processed puede confundir: son grados-día sobre una base POSITIVA, no grados por debajo de cero.;data/raw/inia/INIA La Estanzuela.csv | data/raw/inia/INIA Las Brujas.csv | data/raw/inia/INIA Salto Grande.csv | data/raw/inia/INIA Tacuarembó - La Magnolia.csv | data/raw/inia/INIA Tacuaremnó - Glencore.csv | data/raw/inia/INIA Treinta y Tres - Paso de la Laguna.csv | scripts/etl_inia.py (renombre);Documentada en metadatos
INIA;INIA;data/processed/INIA/INIA.csv;43;GradosMenos4p5;Grados Dias 04.5º (ºC);"Se calcula restando el promedio diario (00hs a 24hs) de cada día con una temperatura base. Grados días = Promedio 24hs - Temperatura base Temperaturas Bases: 4.5°C; 6.0°C; 7.0°C; 8.0C; 9.0°C; 10.0°C; 10.5°C; 12.8°C. Si el promedio de temperatura del día es menor a la temperatura base, los grados días no se calculan, la variable queda vacía.";Grados-día sobre la base positiva indicada (encabezado fuente: ºC);INIA: pie del CSV de cada estación;;;Vacío potencialmente estructural: el metadato indica que no se calcula si la media diaria es inferior a la base. El CSV no permite atribuir cada vacío a esa causa. No imputado. El nombre processed puede confundir: son grados-día sobre una base POSITIVA, no grados por debajo de cero.;data/raw/inia/INIA La Estanzuela.csv | data/raw/inia/INIA Las Brujas.csv | data/raw/inia/INIA Salto Grande.csv | data/raw/inia/INIA Tacuarembó - La Magnolia.csv | data/raw/inia/INIA Tacuaremnó - Glencore.csv | data/raw/inia/INIA Treinta y Tres - Paso de la Laguna.csv | scripts/etl_inia.py (renombre);Documentada en metadatos
INIA;INIA;data/processed/INIA/INIA.csv;44;GradosMenos7;Grados Dias 07.0º (ºC);"Se calcula restando el promedio diario (00hs a 24hs) de cada día con una temperatura base. Grados días = Promedio 24hs - Temperatura base Temperaturas Bases: 4.5°C; 6.0°C; 7.0°C; 8.0C; 9.0°C; 10.0°C; 10.5°C; 12.8°C. Si el promedio de temperatura del día es menor a la temperatura base, los grados días no se calculan, la variable queda vacía.";Grados-día sobre la base positiva indicada (encabezado fuente: ºC);INIA: pie del CSV de cada estación;;;Vacío potencialmente estructural: el metadato indica que no se calcula si la media diaria es inferior a la base. El CSV no permite atribuir cada vacío a esa causa. No imputado. El nombre processed puede confundir: son grados-día sobre una base POSITIVA, no grados por debajo de cero.;data/raw/inia/INIA La Estanzuela.csv | data/raw/inia/INIA Las Brujas.csv | data/raw/inia/INIA Salto Grande.csv | data/raw/inia/INIA Tacuarembó - La Magnolia.csv | data/raw/inia/INIA Tacuaremnó - Glencore.csv | data/raw/inia/INIA Treinta y Tres - Paso de la Laguna.csv | scripts/etl_inia.py (renombre);Documentada en metadatos
INIA;INIA;data/processed/INIA/INIA.csv;45;GradosMenos8;Grados Dias 08.0º (ºC);"Se calcula restando el promedio diario (00hs a 24hs) de cada día con una temperatura base. Grados días = Promedio 24hs - Temperatura base Temperaturas Bases: 4.5°C; 6.0°C; 7.0°C; 8.0C; 9.0°C; 10.0°C; 10.5°C; 12.8°C. Si el promedio de temperatura del día es menor a la temperatura base, los grados días no se calculan, la variable queda vacía.";Grados-día sobre la base positiva indicada (encabezado fuente: ºC);INIA: pie del CSV de cada estación;;;Vacío potencialmente estructural: el metadato indica que no se calcula si la media diaria es inferior a la base. El CSV no permite atribuir cada vacío a esa causa. No imputado. El nombre processed puede confundir: son grados-día sobre una base POSITIVA, no grados por debajo de cero.;data/raw/inia/INIA La Estanzuela.csv | data/raw/inia/INIA Las Brujas.csv | data/raw/inia/INIA Salto Grande.csv | data/raw/inia/INIA Tacuarembó - La Magnolia.csv | data/raw/inia/INIA Tacuaremnó - Glencore.csv | data/raw/inia/INIA Treinta y Tres - Paso de la Laguna.csv | scripts/etl_inia.py (renombre);Documentada en metadatos
INIA;INIA;data/processed/INIA/INIA.csv;46;GradosMenos9;Grados Dias 09.0º (ºC);"Se calcula restando el promedio diario (00hs a 24hs) de cada día con una temperatura base. Grados días = Promedio 24hs - Temperatura base Temperaturas Bases: 4.5°C; 6.0°C; 7.0°C; 8.0C; 9.0°C; 10.0°C; 10.5°C; 12.8°C. Si el promedio de temperatura del día es menor a la temperatura base, los grados días no se calculan, la variable queda vacía.";Grados-día sobre la base positiva indicada (encabezado fuente: ºC);INIA: pie del CSV de cada estación;;;Vacío potencialmente estructural: el metadato indica que no se calcula si la media diaria es inferior a la base. El CSV no permite atribuir cada vacío a esa causa. No imputado. El nombre processed puede confundir: son grados-día sobre una base POSITIVA, no grados por debajo de cero.;data/raw/inia/INIA La Estanzuela.csv | data/raw/inia/INIA Las Brujas.csv | data/raw/inia/INIA Salto Grande.csv | data/raw/inia/INIA Tacuarembó - La Magnolia.csv | data/raw/inia/INIA Tacuaremnó - Glencore.csv | data/raw/inia/INIA Treinta y Tres - Paso de la Laguna.csv | scripts/etl_inia.py (renombre);Documentada en metadatos
INIA;INIA;data/processed/INIA/INIA.csv;47;GradosMenos10;Grados Dias 10.0º (ºC);"Se calcula restando el promedio diario (00hs a 24hs) de cada día con una temperatura base. Grados días = Promedio 24hs - Temperatura base Temperaturas Bases: 4.5°C; 6.0°C; 7.0°C; 8.0C; 9.0°C; 10.0°C; 10.5°C; 12.8°C. Si el promedio de temperatura del día es menor a la temperatura base, los grados días no se calculan, la variable queda vacía.";Grados-día sobre la base positiva indicada (encabezado fuente: ºC);INIA: pie del CSV de cada estación;;;Vacío potencialmente estructural: el metadato indica que no se calcula si la media diaria es inferior a la base. El CSV no permite atribuir cada vacío a esa causa. No imputado. El nombre processed puede confundir: son grados-día sobre una base POSITIVA, no grados por debajo de cero.;data/raw/inia/INIA La Estanzuela.csv | data/raw/inia/INIA Las Brujas.csv | data/raw/inia/INIA Salto Grande.csv | data/raw/inia/INIA Tacuarembó - La Magnolia.csv | data/raw/inia/INIA Tacuaremnó - Glencore.csv | data/raw/inia/INIA Treinta y Tres - Paso de la Laguna.csv | scripts/etl_inia.py (renombre);Documentada en metadatos
INIA;INIA;data/processed/INIA/INIA.csv;48;GradosMenos10p5;Grados Dias 10.5º (ºC);"Se calcula restando el promedio diario (00hs a 24hs) de cada día con una temperatura base. Grados días = Promedio 24hs - Temperatura base Temperaturas Bases: 4.5°C; 6.0°C; 7.0°C; 8.0C; 9.0°C; 10.0°C; 10.5°C; 12.8°C. Si el promedio de temperatura del día es menor a la temperatura base, los grados días no se calculan, la variable queda vacía.";Grados-día sobre la base positiva indicada (encabezado fuente: ºC);INIA: pie del CSV de cada estación;;;Vacío potencialmente estructural: el metadato indica que no se calcula si la media diaria es inferior a la base. El CSV no permite atribuir cada vacío a esa causa. No imputado. El nombre processed puede confundir: son grados-día sobre una base POSITIVA, no grados por debajo de cero.;data/raw/inia/INIA La Estanzuela.csv | data/raw/inia/INIA Las Brujas.csv | data/raw/inia/INIA Salto Grande.csv | data/raw/inia/INIA Tacuarembó - La Magnolia.csv | data/raw/inia/INIA Tacuaremnó - Glencore.csv | data/raw/inia/INIA Treinta y Tres - Paso de la Laguna.csv | scripts/etl_inia.py (renombre);Documentada en metadatos
INIA;INIA;data/processed/INIA/INIA.csv;49;GradosMenos12p8;Grados Dias 12.8º (ºC);"Se calcula restando el promedio diario (00hs a 24hs) de cada día con una temperatura base. Grados días = Promedio 24hs - Temperatura base Temperaturas Bases: 4.5°C; 6.0°C; 7.0°C; 8.0C; 9.0°C; 10.0°C; 10.5°C; 12.8°C. Si el promedio de temperatura del día es menor a la temperatura base, los grados días no se calculan, la variable queda vacía.";Grados-día sobre la base positiva indicada (encabezado fuente: ºC);INIA: pie del CSV de cada estación;;;Vacío potencialmente estructural: el metadato indica que no se calcula si la media diaria es inferior a la base. El CSV no permite atribuir cada vacío a esa causa. No imputado. El nombre processed puede confundir: son grados-día sobre una base POSITIVA, no grados por debajo de cero.;data/raw/inia/INIA La Estanzuela.csv | data/raw/inia/INIA Las Brujas.csv | data/raw/inia/INIA Salto Grande.csv | data/raw/inia/INIA Tacuarembó - La Magnolia.csv | data/raw/inia/INIA Tacuaremnó - Glencore.csv | data/raw/inia/INIA Treinta y Tres - Paso de la Laguna.csv | scripts/etl_inia.py (renombre);Documentada en metadatos
INIA;INIA;data/processed/INIA/INIA.csv;50;HRMin;HR Mínima (%);Valor más bajo de Humedad Relativa en el día (0hrs a 24hrs).;%;INIA: pie del CSV de cada estación;;;"Vacíos y marcadores explícitos contabilizados; no se asigna una causa no documentada.";data/raw/inia/INIA La Estanzuela.csv | data/raw/inia/INIA Las Brujas.csv | data/raw/inia/INIA Salto Grande.csv | data/raw/inia/INIA Tacuarembó - La Magnolia.csv | data/raw/inia/INIA Tacuaremnó - Glencore.csv | data/raw/inia/INIA Treinta y Tres - Paso de la Laguna.csv | scripts/etl_inia.py (renombre);Documentada en metadatos
INIA;INIA;data/processed/INIA/INIA.csv;51;HRMed;HR Media (%);Promedio (suma de las HR% de las 24 horas / 24) de la humedad relativa en el día (0hrs a 24hrs) .;%;INIA: pie del CSV de cada estación;;;"Vacíos y marcadores explícitos contabilizados; no se asigna una causa no documentada.";data/raw/inia/INIA La Estanzuela.csv | data/raw/inia/INIA Las Brujas.csv | data/raw/inia/INIA Salto Grande.csv | data/raw/inia/INIA Tacuarembó - La Magnolia.csv | data/raw/inia/INIA Tacuaremnó - Glencore.csv | data/raw/inia/INIA Treinta y Tres - Paso de la Laguna.csv | scripts/etl_inia.py (renombre);Documentada en metadatos
INIA;EstacionAgr;data/processed/INIA/EstacionAgr.csv;1;EstacionAgr;Nombre del archivo INIA;"Nombre de la estación agrometeorológica; vincula cada observación con el catálogo EstacionAgr.";Nombre/clave de estación;Transformación existente del proyecto de ingeniería;;;Se conservan las grafías del catálogo processed, incluidos sus acentos y erratas.;scripts/etl_inia.py;"Derivada; documentada en código"
INIA;EstacionAgr;data/processed/INIA/EstacionAgr.csv;2;DepartamentoCodigo;DepartamentoCodigo;"Código del departamento asignado a la estación en el catálogo processed; define el filtro geográfico de SNIG.";Código del catálogo Departamentos;Transformación existente del proyecto de ingeniería;;;;data/processed/INIA/EstacionAgr.csv | data/processed/SNIG/Catalogos/Departamentos.csv;Relación explícita en los catálogos processed
PAD;PAD;data/processed/PAD/PAD.csv;1;Anio;YYYY_MM0;Año de la observación mensual PAD, extraído del nombre del campo JSON.;Componente de fecha;Transformación existente del proyecto de ingeniería;;;;scripts/etl_pad.py;"Derivada; documentada en código"
PAD;PAD;data/processed/PAD/PAD.csv;2;Mes;YYYY_MM0;Mes de la observación mensual PAD, extraído del nombre del campo JSON.;Componente de fecha;Transformación existente del proyecto de ingeniería;;;;scripts/etl_pad.py;"Derivada; documentada en código"
PAD;PAD;data/processed/PAD/PAD.csv;3;UbicacionCodigo;UbicacionCodigo;"Identificador de ubicación generado por el ETL a partir de pares de coordenadas; permite relacionar PAD con Ubicacion.";Identificador;Transformación existente del proyecto de ingeniería;;;No es un código de área de enumeración SNIG.;scripts/etl_pad.py;"Derivada; documentada en código"
PAD;PAD;data/processed/PAD/PAD.csv;4;CapProm;YYYY_MM0;"Promedio mensual del indicador hídrico PAD de una ubicación; procede del campo mensual terminado en 0, no de los campos decadales 1, 2 y 3.";"Unidad física no explicitada en los metadatos aportados; ETL valida rango 0–100";Transformación existente del proyecto de ingeniería;;;No se presenta como porcentaje confirmado solo por el rango. El ETL promedia claves mensuales duplicadas.;scripts/etl_pad.py;"Transformación documentada; definición física/unidad pendiente"
PAD;Ubicacion;data/processed/PAD/Ubicacion.csv;1;UbicacionCodigo;UbicacionCodigo;"Identificador de ubicación generado por el ETL a partir de pares de coordenadas; permite relacionar PAD con Ubicacion.";Identificador;Transformación existente del proyecto de ingeniería;;;No es un código de área de enumeración SNIG.;scripts/etl_pad.py;"Derivada; documentada en código"
PAD;Ubicacion;data/processed/PAD/Ubicacion.csv;2;DepartamentoCodigo;DepartamentoCodigo;"Departamento asignado por el ETL a la ubicación PAD mediante cruce geográfico; incluye resolución por proximidad de algunos casos no intersectados.";Código del catálogo Departamentos;Transformación existente del proyecto de ingeniería;;;Revisar el procedimiento de asignación geográfica antes de interpretar puntos próximos a límites.;scripts/etl_pad.py;"Derivada; documentada en código"
PAD;Ubicacion;data/processed/PAD/Ubicacion.csv;3;Latitud;Latitud;Latitud de la ubicación PAD procedente del JSON original.;"Grados; ETL utiliza EPSG:4326";Transformación existente del proyecto de ingeniería;;;;scripts/etl_pad.py;"Derivada; documentada en código"
PAD;Ubicacion;data/processed/PAD/Ubicacion.csv;4;Longitud;Longitud;Longitud de la ubicación PAD procedente del JSON original.;"Grados; ETL utiliza EPSG:4326";Transformación existente del proyecto de ingeniería;;;;scripts/etl_pad.py;"Derivada; documentada en código"
